,absent
registration,OV65MWO
registration,OV65MWO
,present
registration,D09ZTZ
,absent
registration,5D09Z
,absent
registration,5D09Z
,absent
registration,5D09Z
,absent
registration,5D09ZT
,absent
registration,SD09Z1
,absent
registration,E007U
,absent
registration,E017UA
,absent
registration,EO17UWA
,absent
registration,E017UA
,absent
registration,GA57ONE
,absent
registration,GA57ONE
,absent
registration,GA57ONE
,absent
registration,GA57ONE
,absent
registration,GA57ONE
,absent
registration,L02TC
,absent
registration,0B12T
,absent
registration,LB12TCO
,present
registration,LB12TCO
,present
registration,LB2TC0
,absent
registration,LF13AVG
,present
registration,LF03AVG
,absent
registration,LF03AVG
,absent
registration,LF13AVG
,present
registration,L1AVG
,absent
registration,LB12TCO
,present
registration,LB12TC0
,absent
registration,LB12TCO
,present
registration,LG9HY
,absent
registration,LG19HVA
,present
registration,LG19HVA
,present
registration,LG19HVA
,present
registration,LG19HVA
,present
registration,LG19HVA
,present
registration,HU55AMW
,present
registration,HU55AMW
,present
registration,HU55AMW
,present
registration,HU55AMW
,present
registration,HU55AMW
,present
registration,HU55AMW
,present
registration,HU55AMW
,present
registration,HU55AMW
,present
registration,LJ16VSY
,present
registration,LJ16VSY
,present
registration,LJ16VSY
,present
registration,LJ16VSY
,present
registration,T777MVA
,present
registration,T777MVA
,present
registration,T777MVA
,present
registration,T777MVA
,present
registration,T777MVA
,present
registration,LC08XZD
,present
registration,LC08XZD
,present
registration,LCO8XZ
,absent
registration,RK17ZCN
,absent
registration,RK17ZCN
,absent
registration,RK17ZCN
,absent
registration,RK17ZCN
,absent
registration,RK17ZCN
,absent
registration,SHHEGH
,absent
registration,SHNEGH
,absent
registration,SH1EGH
,absent
registration,SHHEGH
,absent
registration,LG17RL0
,absent
registration,LG17RLO
,present
registration,LG17RLO
,present
registration,LG07RLO
,absent
registration,LG17RLO
,present
registration,FN09EKH
,present
registration,FN09EKH
,present
registration,FN09EKH
,present
registration,MK65XTR
,absent
registration,MK65XTR
,absent
registration,MK65XTR
,absent
registration,MK65XTR
,absent
registration,MK65XTR
,absent
registration,LK6XG
,absent
registration,LK64XGH
,present
registration,LK64XGH
,present
registration,LK64XGH
,present
registration,64XGH
,absent
registration,D12VNC
,absent
registration,D12VNC
,absent
registration,D12VNC
,absent
registration,D12VNC
,absent
registration,LD68MXU
,present
registration,LD68MXU
,present
registration,LD69MXU
,absent
registration,LD69MXU
,absent
registration,RO64HRA
,present
registration,RO64HRA
,present
registration,R5HRA
,absent
registration,LG60NBB
,absent
registration,LG61NBB
,present
registration,LG61NBB
,present
registration,LG60NBB
,absent
registration,LG61NBB
,present
registration,LG61NBB
,present
registration,UK10NLY
,present
registration,UK10NLY
,present
registration,UK10NLY
,present
registration,UK10NLY
,present
registration,AE68BDF
,absent
registration,AE69BDF
,absent
registration,SW15HWA
,present
registration,SW15HWA
,present
registration,AJ59YWG
,present
registration,AJ59YWG
,present
registration,AJ59YWG
,present
registration,AJ59YWG
,present
registration,AJ59YWG
,present
registration,AJ59YWG
,present
registration,AJ59YWG
,present
registration,AJ59YWG
,present
registration,GJ06VMO
,absent
registration,GJ06V0
,absent
registration,GJ06VMO
,absent
registration,GJ06V0
,absent
registration,GJ06VMO
,absent
registration,AE63BWW
,present
registration,AE63BWW
,present
registration,LF04HSU
,absent
registration,LF14HSU
,present
registration,LF4SU
,absent
registration,LF14HSU
,present
registration,LF14HSU
,present
registration,LF14HSU
,present
registration,LF14HSU
,present
registration,LF14HSU
,present
registration,VA64OAG
,present
registration,VA64OAG
,present
registration,VA64OAG
,present
registration,VA64OAG
,present
registration,GK17KKZ
,present
registration,GK17KKZ
,present
registration,GK17KKZ
,present
registration,GK17KKZ
,present
registration,GK17KKZ
,present
registration,GK17KKZ
,present
registration,D2VAA
,present
registration,LCXPA
,absent
registration,LC10XPA
,absent
registration,LC10XPA
,absent
registration,LC10XPA
,absent
registration,LCXPA
,absent
registration,LC11XPA
,present
registration,LC11XPA
,present
registration,LCXPA
,absent
registration,LCXPA
,absent
registration,LCXPA
,absent
registration,LCHXPA
,absent
registration,LC11XPA
,present
registration,LCXPA
,absent
registration,LCXPA
,absent
registration,LCHXPA
,absent
registration,LC11XPA
,present
registration,LC11XPA
,present
registration,LC11XPA
,present
registration,16XYD
,absent
registration,RJ16XYD
,present
registration,RJ16XYD
,present
registration,RJ16XYD
,present
registration,RJ16XYD
,present
registration,RJ16XYD
,present
registration,KE05UXH
,absent
registration,KE05UXH
,absent
registration,L9FYS
,absent
registration,LF18FYS
,present
registration,LF18FYS
,present
registration,LF10FYS
,absent
registration,LF18FYS
,present
registration,LF18FYS
,present
registration,LF65OTA
,present
registration,LF65OTA
,present
registration,LF65OTA
,present
registration,Y874HD
,absent
registration,Y87HD
,absent
registration,Y874HDM
,present
registration,Y874HDM
,present
registration,Y874HDM
,present
registration,Y874HD
,absent
registration,YD5VWF
,absent
registration,YD54VWF
,present
registration,Y54VWF
,absent
registration,YD54VWF
,present
registration,YD54VWF
,present
registration,0E7BNV
,absent
registration,OE17BNV
,present
registration,OE17BNV
,present
registration,OE17BNV
,present
registration,LF64WJ
,absent
registration,LF64W
,absent
registration,73D37
,absent
registration,D7337
,absent
registration,73D37
,absent
registration,73D437
,absent
registration,73D437
,absent
registration,73D437
,absent
registration,L4E0G
,absent
registration,L4E0G
,absent
registration,L67RYU
,absent
registration,LL67RYU
,present
registration,LL67RYU
,present
registration,LL67RYU
,present
registration,LK19OHX
,absent
registration,LK19OHX
,absent
registration,LK19OHX
,absent
registration,LK19OHX
,absent
registration,BF09AVN
,present
registration,BF09AVN
,present
registration,BF09AVN
,present
registration,BF09AVN
,present
registration,LF54FBC
,present
registration,LF54FBC
,present
registration,LF54FBC
,present
registration,C02HP
,absent
registration,KC02HPU
,present
registration,KC02HPU
,present
